episode,total_score,max_tile,num_moves,valid_moves,invalid_moves,wall_clock_seconds,training_steps
1,356,32,74,74,0,0.52945,74
2,432,64,74,74,0,0.540852,148
3,1196,128,145,145,0,0.563482,293
4,700,64,108,108,0,0.580284,401
5,1072,128,129,129,0,0.600054,530
6,1420,128,181,181,0,0.628023,711
7,656,64,98,98,0,0.643684,809
8,2064,128,234,234,0,0.693348,1043
9,944,128,110,110,0,0.709733,1153
10,1128,128,137,137,0,0.730519,1290
11,824,64,129,129,0,0.751347,1419
12,580,64,90,90,0,0.766378,1509
13,1140,128,138,138,0,0.788033,1647
14,1336,128,169,169,0,0.813999,1816
15,1096,128,140,140,0,0.835733,1956
16,892,64,125,125,0,0.856021,2081
17,1416,128,169,169,0,0.882129,2250
18,1420,128,181,181,0,0.909969,2431
19,992,128,129,129,0,0.929999,2560
20,1444,128,181,181,0,0.958045,2741
21,1564,128,190,190,0,0.987293,2931
22,720,64,106,106,0,1.004394,3037
23,1140,128,152,152,0,1.027843,3189
24,896,64,129,129,0,1.048225,3318
25,1848,128,228,228,0,1.083922,3546
26,1280,128,168,168,0,1.109873,3714
27,904,64,131,131,0,1.130081,3845
28,1444,128,181,181,0,1.159497,4026
29,1428,128,177,177,0,1.186868,4203
30,696,64,107,107,0,1.203147,4310
31,1388,128,177,177,0,1.230196,4487
32,1324,128,164,164,0,1.255705,4651
33,1072,128,130,130,0,1.275793,4781
34,1004,64,144,144,0,1.297669,4925
35,708,64,111,111,0,1.530647,5036
36,1668,128,198,198,0,1.660561,5234
37,1324,128,178,178,0,1.77626,5412
38,400,32,79,79,0,1.827012,5491
39,496,64,97,97,0,1.888668,5588
40,740,64,121,121,0,1.97176,5709
41,668,64,99,99,0,2.034074,5808
42,852,64,123,123,0,2.112959,5931
43,1336,128,149,149,0,2.215129,6080
44,1620,128,190,190,0,2.338739,6270
45,1400,128,189,189,0,2.466604,6459
46,632,64,105,105,0,2.534646,6564
47,1240,128,159,159,0,2.645982,6723
48,292,32,71,71,0,2.693612,6794
49,572,64,86,86,0,2.74859,6880
50,652,64,95,95,0,2.811305,6975
51,700,64,114,114,0,2.887944,7089
52,1080,128,135,135,0,2.97506,7224
53,644,64,110,110,0,3.048289,7334
54,656,64,100,100,0,3.115054,7434
55,512,64,92,92,0,3.174306,7526
56,1052,64,160,160,0,3.279123,7686
57,1252,128,144,144,0,3.374255,7830
58,1336,128,166,166,0,3.48359,7996
59,2592,256,250,250,0,3.652849,8246
60,1972,128,238,238,0,3.807239,8484
61,616,64,94,94,0,3.878868,8578
62,600,64,101,101,0,3.946234,8679
63,936,128,110,110,0,4.038573,8789
64,716,64,106,106,0,4.107967,8895
65,996,64,140,140,0,4.200778,9035
66,1044,128,131,131,0,4.282375,9166
67,1632,128,192,192,0,4.399856,9358
68,624,64,88,88,0,4.45259,9446
69,1108,128,150,150,0,4.544059,9596
70,244,32,52,52,0,4.57689,9648
71,1020,128,129,129,0,4.657032,9777
72,508,64,77,77,0,4.704595,9854
73,2188,256,215,215,0,4.840501,10069
74,1008,128,125,125,0,4.916806,10194
75,616,64,100,100,0,4.978164,10294
76,1292,128,162,162,0,5.075509,10456
77,928,64,145,145,0,5.162371,10601
78,1308,128,162,162,0,5.260543,10763
79,1156,128,141,141,0,5.346184,10904
80,1220,128,164,164,0,5.447368,11068
81,1328,128,166,166,0,5.566237,11234
82,200,16,55,55,0,5.602404,11289
83,1244,128,159,159,0,5.701679,11448
84,380,32,83,83,0,5.755124,11531
85,348,32,75,75,0,5.802364,11606
86,2688,256,250,250,0,5.957272,11856
87,608,64,102,102,0,6.023557,11958
88,1080,128,149,149,0,6.116028,12107
89,672,64,104,104,0,6.180351,12211
90,348,32,77,77,0,6.229456,12288
91,1264,128,153,153,0,6.324908,12441
92,680,64,109,109,0,6.391368,12550
93,1136,128,137,137,0,6.482028,12687
94,656,64,115,115,0,6.560751,12802
95,716,64,105,105,0,6.632222,12907
96,288,32,64,64,0,6.674896,12971
97,656,64,96,96,0,6.74411,13067
98,1408,128,166,166,0,6.859666,13233
99,1108,128,146,146,0,6.957566,13379
100,932,64,129,129,0,7.046282,13508
101,592,64,92,92,0,7.107656,13600
102,1264,128,157,157,0,7.21493,13757
103,1332,128,164,164,0,7.327736,13921
104,1340,128,176,176,0,7.464809,14097
105,580,64,91,91,0,7.529323,14188
106,1480,128,211,211,0,7.679591,14399
107,2520,256,272,272,0,7.858729,14671
108,1372,128,197,197,0,7.98956,14868
109,744,64,122,122,0,8.070894,14990
110,736,64,123,123,0,8.155977,15113
111,1356,128,170,170,0,8.268053,15283
112,1520,128,185,185,0,8.405433,15468
113,1500,128,194,194,0,8.536142,15662
114,712,64,126,126,0,8.620892,15788
115,1248,128,156,156,0,8.729623,15944
116,1072,128,141,141,0,8.830118,16085
117,1612,128,180,180,0,8.955525,16265
118,360,32,70,70,0,9.001702,16335
119,1116,128,146,146,0,9.100102,16481
120,1256,128,168,168,0,9.217279,16649
121,1340,128,159,159,0,9.32593,16808
122,1500,128,181,181,0,9.451681,16989
123,2016,128,242,242,0,9.617689,17231
124,664,64,109,109,0,9.691697,17340
125,392,32,79,79,0,9.751381,17419
126,1104,128,137,137,0,9.845653,17556
127,1528,128,197,197,0,9.98291,17753
128,1684,128,225,225,0,10.145715,17978
129,1348,128,169,169,0,10.259962,18147
130,1168,128,157,157,0,10.36432,18304
131,1376,128,171,171,0,10.481791,18475
132,1452,128,201,201,0,10.61827,18676
133,424,32,79,79,0,10.67217,18755
134,772,64,118,118,0,10.754683,18873
135,892,64,134,134,0,10.846337,19007
136,596,64,100,100,0,10.914284,19107
137,920,64,124,124,0,10.998502,19231
138,608,64,105,105,0,11.06772,19336
139,412,64,76,76,0,11.120834,19412
140,536,64,83,83,0,11.179912,19495
141,1136,128,147,147,0,11.283828,19642
142,712,64,119,119,0,11.365384,19761
143,936,64,140,140,0,11.459198,19901
144,1448,128,184,184,0,11.592371,20085
145,1580,128,192,192,0,11.729309,20277
146,1092,128,158,158,0,11.839635,20435
147,744,64,121,121,0,11.922112,20556
148,368,32,74,74,0,11.975507,20630
149,1344,128,159,159,0,12.086239,20789
150,1436,128,171,171,0,12.204839,20960
151,508,32,93,93,0,12.27121,21053
152,308,32,66,66,0,12.316644,21119
153,3164,256,355,355,0,12.575519,21474
154,420,32,80,80,0,12.631169,21554
155,2452,256,241,241,0,12.796937,21795
156,1408,128,186,186,0,12.933476,21981
157,1036,64,155,155,0,13.04308,22136
158,532,64,99,99,0,13.112673,22235
159,328,32,69,69,0,13.160378,22304
160,1380,128,168,168,0,13.28129,22472
161,1556,128,244,244,0,13.461204,22716
162,436,64,71,71,0,13.510606,22787
163,624,64,96,96,0,13.575707,22883
164,612,64,104,104,0,13.650626,22987
165,1396,128,171,171,0,13.774799,23158
166,2300,256,237,237,0,13.945359,23395
167,1212,128,159,159,0,14.054461,23554
168,248,32,61,61,0,14.098278,23615
169,1148,128,155,155,0,14.213468,23770
170,1020,128,125,125,0,14.298853,23895
171,584,64,105,105,0,14.37401,24000
172,1460,128,178,178,0,14.501896,24178
173,592,64,97,97,0,14.572349,24275
174,1292,128,152,152,0,14.682049,24427
175,1420,128,182,182,0,14.816077,24609
176,616,64,101,101,0,14.887143,24710
177,1268,128,189,189,0,15.020448,24899
178,1380,128,176,176,0,15.152508,25075
179,564,64,107,107,0,15.245637,25182
180,1044,64,156,156,0,15.36596,25338
181,552,32,125,125,0,15.458764,25463
182,704,64,112,112,0,15.538915,25575
183,584,64,97,97,0,15.607618,25672
184,2648,256,288,288,0,15.814502,25960
185,1284,128,180,180,0,15.944835,26140
186,1388,128,184,184,0,16.072872,26324
187,660,64,99,99,0,16.141905,26423
188,1244,128,151,151,0,16.239516,26574
189,1264,128,174,174,0,16.35488,26748
190,624,64,101,101,0,16.426338,26849
191,1396,128,173,173,0,16.53805,27022
192,684,64,101,101,0,16.602099,27123
193,1304,128,161,161,0,16.705704,27284
194,1276,128,174,174,0,16.824311,27458
195,540,64,109,109,0,16.899965,27567
196,1360,128,175,175,0,17.020286,27742
197,2320,256,244,244,0,17.180646,27986
198,1200,128,156,156,0,17.285013,28142
199,1164,128,161,161,0,17.39974,28303
200,568,64,114,114,0,17.480758,28417
201,708,64,112,112,0,17.557581,28529
202,1384,128,174,174,0,17.674473,28703
203,976,128,132,132,0,17.760109,28835
204,1204,128,162,162,0,17.870613,28997
205,652,64,113,113,0,17.951916,29110
206,540,64,103,103,0,18.023221,29213
207,468,32,95,95,0,18.087708,29308
208,1300,128,179,179,0,18.212184,29487
209,596,64,94,94,0,18.273918,29581
210,1120,128,143,143,0,18.366874,29724
211,476,64,84,84,0,18.423354,29808
212,1400,128,186,186,0,18.557633,29994
213,988,128,118,118,0,18.637219,30112
214,740,64,121,121,0,18.720748,30233
215,644,64,118,118,0,18.801208,30351
216,740,64,105,105,0,18.874401,30456
217,1456,128,179,179,0,19.000146,30635
218,648,64,105,105,0,19.070435,30740
219,1300,128,168,168,0,19.1913,30908
220,712,64,115,115,0,19.272014,31023
221,1684,128,208,208,0,19.41583,31231
222,1108,128,153,153,0,19.523004,31384
223,1464,128,205,205,0,19.667946,31589
224,1292,128,157,157,0,19.778446,31746
225,780,64,137,137,0,19.872692,31883
226,1440,128,199,199,0,20.018823,32082
227,1088,128,168,168,0,20.140538,32250
228,1396,128,184,184,0,20.271861,32434
229,1400,128,170,170,0,20.394505,32604
230,560,64,118,118,0,20.480791,32722
231,616,64,103,103,0,20.552126,32825
232,812,64,122,122,0,20.632114,32947
233,2032,128,246,246,0,20.807374,33193
234,716,64,125,125,0,20.900419,33318
235,1424,128,195,195,0,21.041718,33513
236,604,64,109,109,0,21.116972,33622
237,620,64,120,120,0,21.198614,33742
238,784,64,124,124,0,21.280865,33866
239,1016,128,162,162,0,21.402711,34028
240,444,64,81,81,0,21.465804,34109
241,1188,128,176,176,0,21.610004,34285
242,820,64,118,118,0,21.732543,34403
243,1376,128,180,180,0,21.881073,34583
244,1148,128,146,146,0,21.986671,34729
245,656,64,98,98,0,22.056903,34827
246,2204,256,264,264,0,22.251964,35091
247,2240,256,256,256,0,22.454132,35347
248,2072,128,240,240,0,22.640258,35587
249,804,64,133,133,0,22.744112,35720
250,1500,128,198,198,0,22.882205,35918
251,2100,256,240,240,0,23.049507,36158
252,2244,256,241,241,0,23.214215,36399
253,1288,128,166,166,0,23.33297,36565
254,624,64,111,111,0,23.410582,36676
255,420,32,85,85,0,23.471495,36761
256,676,64,117,117,0,23.554497,36878
257,712,64,119,119,0,23.638703,36997
258,1240,128,147,147,0,23.74166,37144
259,664,64,111,111,0,23.821009,37255
260,1504,128,214,214,0,23.972141,37469
261,1204,128,188,188,0,24.106229,37657
262,992,64,160,160,0,24.21954,37817
263,696,64,120,120,0,24.301824,37937
264,572,64,89,89,0,24.366091,38026
265,1240,128,186,186,0,24.494397,38212
266,1372,128,207,207,0,24.644953,38419
267,1100,128,144,144,0,24.749775,38563
268,1416,128,181,181,0,24.879361,38744
269,416,32,83,83,0,24.939707,38827
270,1116,128,139,139,0,25.037001,38966
271,704,64,132,132,0,25.131405,39098
272,1452,128,204,204,0,25.274613,39302
273,1124,128,158,158,0,25.38872,39460
274,708,64,126,126,0,25.480303,39586
275,608,64,115,115,0,25.563177,39701
276,776,64,126,126,0,25.656542,39827
277,1364,128,187,187,0,25.789629,40014
278,2216,256,220,220,0,25.945734,40234
279,1004,128,138,138,0,26.047294,40372
280,1552,128,235,235,0,26.216215,40607
281,268,16,80,80,0,26.274527,40687
282,444,64,94,94,0,26.343819,40781
283,668,64,121,121,0,26.430981,40902
284,524,64,98,98,0,26.49959,41000
285,808,64,123,123,0,26.587309,41123
286,496,64,104,104,0,26.662491,41227
287,288,32,70,70,0,26.712366,41297
288,612,64,107,107,0,26.790431,41404
289,900,64,154,154,0,26.902606,41558
290,1028,128,134,134,0,26.997338,41692
291,1352,128,180,180,0,27.126398,41872
292,1132,128,171,171,0,27.250292,42043
293,1064,128,144,144,0,27.352959,42187
294,2288,256,265,265,0,27.54327,42452
295,1184,128,166,166,0,27.666742,42618
296,712,64,145,145,0,27.772251,42763
297,308,32,70,70,0,27.823274,42833
298,560,64,97,97,0,27.894948,42930
299,1444,128,193,193,0,28.030122,43123
300,620,64,103,103,0,28.105613,43226
301,820,64,113,113,0,28.190309,43339
302,684,64,107,107,0,28.268739,43446
303,1004,64,164,164,0,28.390707,43610
304,1668,128,228,228,0,28.561161,43838
305,864,64,133,133,0,28.656745,43971
306,360,32,71,71,0,28.711459,44042
307,724,64,145,145,0,28.815999,44187
308,644,64,125,125,0,28.907668,44312
309,1060,128,143,143,0,29.015589,44455
310,572,64,105,105,0,29.089218,44560
311,964,64,177,177,0,29.219545,44737
312,1292,128,225,225,0,29.383227,44962
313,820,64,144,144,0,29.485541,45106
314,708,64,113,113,0,29.566162,45219
315,652,64,123,123,0,29.656665,45342
316,1848,128,262,262,0,29.843057,45604
317,672,64,126,126,0,29.934798,45730
318,1024,128,142,142,0,30.037636,45872
319,1524,128,221,221,0,30.201725,46093
320,1640,128,266,266,0,30.397451,46359
321,464,64,86,86,0,30.47174,46445
322,1060,128,158,158,0,30.583993,46603
323,1428,128,185,185,0,30.717323,46788
324,1272,128,208,208,0,30.872905,46996
325,612,64,123,123,0,30.962147,47119
326,500,32,101,101,0,31.033698,47220
327,340,32,82,82,0,31.093441,47302
328,680,64,134,134,0,31.193866,47436
329,548,64,98,98,0,31.265038,47534
330,808,64,153,153,0,31.378133,47687
331,656,64,133,133,0,31.475875,47820
332,1312,128,165,165,0,31.597518,47985
333,448,64,79,79,0,31.655797,48064
334,308,32,75,75,0,31.712551,48139
335,468,64,90,90,0,31.779704,48229
336,528,32,97,97,0,31.851796,48326
337,756,64,126,126,0,31.941254,48452
338,2056,256,234,234,0,32.113389,48686
339,1296,128,215,215,0,32.269792,48901
340,936,64,177,177,0,32.398585,49078
341,412,32,94,94,0,32.468098,49172
342,3084,256,363,363,0,32.73522,49535
343,1780,128,259,259,0,32.928998,49794
344,1156,128,177,177,0,33.060734,49971
345,724,64,140,140,0,33.567297,50111
346,2016,128,275,275,0,33.776974,50386
347,1144,128,179,179,0,33.921226,50565
348,2480,256,279,279,0,34.134751,50844
349,1452,128,271,271,0,34.349393,51115
350,760,64,154,154,0,34.471449,51269
351,1260,128,223,223,0,34.638299,51492
352,972,128,147,147,0,34.752975,51639
353,612,64,95,95,0,34.827646,51734
354,796,64,143,143,0,34.938516,51877
355,1140,128,167,167,0,35.061368,52044
356,904,64,166,166,0,35.188653,52210
357,712,64,159,159,0,35.309603,52369
358,740,64,164,164,0,35.433761,52533
359,416,32,87,87,0,35.499419,52620
360,756,64,161,161,0,35.624263,52781
361,580,64,117,117,0,35.712889,52898
362,1560,128,251,251,0,35.9076,53149
363,1672,128,266,266,0,36.108739,53415
364,1100,128,165,165,0,36.234513,53580
365,1084,128,168,168,0,36.359458,53748
366,628,64,110,110,0,36.442955,53858
367,624,64,123,123,0,36.536725,53981
368,2372,256,317,317,0,36.785465,54298
369,1332,128,170,170,0,36.925473,54468
370,888,64,151,151,0,37.049873,54619
371,380,32,93,93,0,37.124746,54712
372,676,64,131,131,0,37.232299,54843
373,608,64,121,121,0,37.330583,54964
374,1564,128,232,232,0,37.524813,55196
375,1412,128,222,222,0,37.707447,55418
376,1480,128,261,261,0,37.926058,55679
377,448,32,77,77,0,37.989343,55756
378,752,64,162,162,0,38.124221,55918
379,388,32,80,80,0,38.189252,55998
380,580,64,111,111,0,38.281491,56109
381,2676,256,400,400,0,38.611356,56509
382,1244,128,208,208,0,38.791983,56717
383,1216,128,210,210,0,38.965806,56927
384,244,32,55,55,0,39.009196,56982
385,1404,128,198,198,0,39.17603,57180
386,1172,128,205,205,0,39.343102,57385
387,664,64,134,134,0,39.460548,57519
388,1376,128,208,208,0,39.634149,57727
389,372,32,83,83,0,39.708001,57810
390,1316,128,159,159,0,39.835973,57969
391,1696,128,320,320,0,40.102888,58289
392,2416,256,302,302,0,40.350571,58591
393,1272,128,169,169,0,40.484068,58760
394,320,32,85,85,0,40.55398,58845
395,1096,128,145,145,0,40.67093,58990
396,880,64,142,142,0,40.786007,59132
397,1500,128,266,266,0,41.008059,59398
398,656,64,113,113,0,41.101229,59511
399,2752,256,407,407,0,41.440098,59918
400,1452,128,224,224,0,41.644696,60142
401,1356,128,193,193,0,41.814326,60335
402,1388,128,206,206,0,41.982471,60541
403,1148,128,182,182,0,42.135752,60723
404,1036,64,225,225,0,42.32625,60948
405,1184,128,219,219,0,42.505557,61167
406,1136,128,233,233,0,42.706827,61400
407,1272,128,208,208,0,42.884094,61608
408,1520,128,251,251,0,43.090772,61859
409,1364,128,255,255,0,43.300279,62114
410,716,64,147,147,0,43.423149,62261
411,1148,128,187,187,0,43.57727,62448
412,1416,128,269,269,0,43.811995,62717
413,1352,128,213,213,0,43.991294,62930
414,760,64,141,141,0,44.109871,63071
415,320,32,75,75,0,44.172562,63146
416,868,64,153,153,0,44.300157,63299
417,560,64,148,148,0,44.423028,63447
418,1316,128,235,235,0,44.624127,63682
419,528,64,99,99,0,44.706221,63781
420,1156,128,227,227,0,44.891688,64008
421,572,64,100,100,0,44.973896,64108
422,660,64,147,147,0,45.095677,64255
423,840,64,186,186,0,45.252811,64441
424,588,64,109,109,0,45.344713,64550
425,1656,128,309,309,0,45.60515,64859
426,776,64,210,210,0,45.785997,65069
427,764,64,144,144,0,45.900654,65213
428,1268,128,239,239,0,46.088434,65452
429,780,64,166,166,0,46.215451,65618
430,392,32,92,92,0,46.288316,65710
431,1176,128,221,221,0,46.459704,65931
432,1732,128,340,340,0,46.72764,66271
433,1200,128,228,228,0,46.910224,66499
434,1132,128,208,208,0,47.072054,66707
435,724,64,171,171,0,47.211093,66878
436,1372,128,194,194,0,47.360369,67072
437,724,64,154,154,0,47.483615,67226
438,656,64,170,170,0,47.617943,67396
439,2812,256,415,415,0,47.945398,67811
440,756,64,181,181,0,48.088376,67992
441,692,64,129,129,0,48.193879,68121
442,1356,128,231,231,0,48.373268,68352
443,680,64,141,141,0,48.485678,68493
444,584,64,104,104,0,48.571116,68597
445,1280,128,257,257,0,48.779754,68854
446,1352,128,268,268,0,48.994464,69122
447,1040,128,217,217,0,49.169049,69339
448,1264,128,231,231,0,49.357462,69570
449,424,32,128,128,0,49.458881,69698
450,1504,128,311,311,0,49.711661,70009
451,1612,128,323,323,0,49.973763,70332
452,708,64,153,153,0,50.095644,70485
453,1588,128,271,271,0,50.305832,70756
454,688,64,183,183,0,50.451489,70939
455,744,64,212,212,0,50.633295,71151
456,712,64,193,193,0,50.799971,71344
457,444,32,134,134,0,50.918179,71478
458,652,64,167,167,0,51.062062,71645
459,1276,128,234,234,0,51.264545,71879
460,1348,128,316,316,0,51.541085,72195
461,1356,128,307,307,0,51.80932,72502
462,512,32,122,122,0,51.917665,72624
463,1024,128,216,216,0,52.111313,72840
464,816,64,197,197,0,52.288884,73037
465,1436,128,405,405,0,52.640069,73442
466,300,32,104,104,0,52.730643,73546
467,2784,256,535,535,0,53.212104,74081
468,1360,128,262,262,0,53.443367,74343
469,276,32,91,91,0,53.523619,74434
470,932,64,235,235,0,53.735584,74669
471,2760,256,556,556,0,54.219474,75225
472,964,128,200,200,0,54.39962,75425
473,656,64,173,173,0,54.575185,75598
474,620,64,174,174,0,54.723485,75772
475,1544,128,378,378,0,55.061258,76150
476,304,32,90,90,0,55.13667,76240
477,720,64,153,153,0,55.276817,76393
478,584,64,204,204,0,55.456203,76597
479,560,64,101,101,0,55.539052,76698
480,988,128,180,180,0,55.695417,76878
481,776,64,165,165,0,55.834765,77043
482,548,64,154,154,0,55.972027,77197
483,1100,128,247,247,0,56.184808,77444
484,1032,64,328,328,0,56.467917,77772
485,300,32,101,101,0,56.556824,77873
486,660,64,198,198,0,56.74112,78071
487,1280,128,423,423,0,57.112112,78494
488,736,64,278,278,0,57.351635,78772
489,628,64,189,189,0,57.518862,78961
490,940,64,268,268,0,57.761063,79229
491,788,64,195,195,0,57.930741,79424
492,1244,128,299,299,0,58.190435,79723
493,412,32,103,103,0,58.281668,79826
494,592,64,163,163,0,58.425184,79989
495,596,64,220,220,0,58.625633,80209
496,1332,128,365,365,0,58.952582,80574
497,1000,64,238,238,0,59.161491,80812
498,1260,128,324,324,0,59.451478,81136
499,760,64,239,239,0,59.666589,81375
500,1144,128,306,306,0,59.938396,81681
501,628,64,173,173,0,60.090242,81854
502,664,64,197,197,0,60.262334,82051
503,1540,128,478,478,0,60.683828,82529
504,2344,256,491,491,0,61.124256,83020
505,744,64,243,243,0,61.345505,83263
506,1316,128,339,339,0,61.647915,83602
507,1328,128,372,372,0,61.980207,83974
508,1400,128,347,347,0,62.282864,84321
509,1600,128,458,458,0,62.682885,84779
510,648,64,394,394,0,63.033786,85173
511,544,64,184,184,0,63.200058,85357
512,620,64,218,218,0,63.390469,85575
513,568,32,181,181,0,63.551485,85756
514,1400,128,414,414,0,63.943078,86170
515,1260,128,434,434,0,64.324689,86604
516,336,32,148,148,0,64.453424,86752
517,748,64,259,259,0,64.682949,87011
518,1212,128,434,434,0,65.076602,87445
519,524,64,216,216,0,65.267596,87661
520,800,64,296,296,0,65.532767,87957
521,1468,128,402,402,0,65.900249,88359
522,1424,128,647,647,0,66.481039,89006
523,388,32,252,252,0,66.706939,89258
524,404,32,229,229,0,66.913483,89487
525,1044,64,457,457,0,67.326714,89944
526,584,64,317,317,0,67.613688,90261
527,712,64,290,290,0,67.870525,90551
528,560,64,270,270,0,68.113355,90821
529,1736,128,651,651,0,68.697536,91472
530,2424,256,1045,1045,0,69.646511,92517
531,444,64,271,271,0,69.902215,92788
532,940,64,593,593,0,70.428359,93381
533,744,64,358,358,0,70.727858,93739
534,160,16,183,183,0,70.882427,93922
535,1412,128,996,996,0,71.73217,94918
536,660,64,640,640,0,72.268834,95558
537,368,32,456,456,0,72.658937,96014
538,1400,128,942,942,0,73.46179,96956
539,932,64,719,719,0,74.094059,97675
540,1180,128,1411,1411,0,75.421325,99086
541,648,64,967,967,0,76.632737,100053
542,1652,128,2031,2031,0,78.385906,102084
543,1400,128,1836,1836,0,79.957424,103920
544,272,32,279,279,0,80.1973,104199
545,604,64,974,974,0,81.025149,105173
546,540,64,756,756,0,81.682884,105929
547,624,64,977,977,0,82.527133,106906
548,688,64,979,979,0,83.48008,107885
549,612,64,572,572,0,83.999254,108457
550,1168,128,1580,1580,0,85.455516,110037
551,620,64,805,805,0,86.193813,110842
552,608,64,890,890,0,87.022026,111732
553,316,32,605,605,0,87.555973,112337
554,436,32,966,966,0,88.404719,113303
555,1156,128,1347,1347,0,89.592638,114650
556,1376,128,1443,1443,0,90.878408,116093
557,632,64,684,684,0,91.4924,116777
558,784,64,1126,1126,0,92.502781,117903
559,884,64,1300,1300,0,93.646597,119203
560,828,64,1376,1376,0,94.860868,120579
561,1160,128,1443,1443,0,96.128022,122022
562,864,64,1411,1411,0,97.419293,123433
563,824,64,1203,1203,0,98.544147,124636
564,1192,128,1555,1555,0,99.989516,126191
565,612,64,675,675,0,100.612287,126866
566,320,32,513,513,0,101.080393,127379
567,980,128,882,882,0,101.895529,128261
568,440,32,728,728,0,102.560009,128989
569,572,64,1177,1177,0,103.656997,130166
570,1400,128,1159,1159,0,104.675441,131325
571,576,64,872,872,0,105.426779,132197
572,680,64,748,748,0,106.071095,132945
573,1336,128,1888,1888,0,107.692877,134833
574,584,64,710,710,0,108.29945,135543
575,380,32,899,899,0,109.07585,136442
576,956,64,1619,1619,0,110.466159,138061
577,1436,128,2188,2188,0,112.359071,140249
578,1492,128,1825,1825,0,113.944697,142074
579,488,64,585,585,0,114.463899,142659
580,628,64,1178,1178,0,115.549678,143837
581,692,64,884,884,0,116.390628,144721
582,608,64,737,737,0,117.07885,145458
583,508,64,596,596,0,117.630448,146054
584,1340,128,1871,1871,0,119.370497,147925
585,688,64,733,733,0,120.064358,148658
586,308,32,298,298,0,120.33845,148956
587,600,64,650,650,0,120.927817,149606
588,856,64,939,939,0,122.190074,150545
589,420,32,860,860,0,123.004542,151405
590,580,64,1137,1137,0,124.067964,152542
591,1360,128,1335,1335,0,125.339517,153877
592,1068,128,1501,1501,0,126.75531,155378
593,660,64,583,583,0,127.309074,155961
594,972,128,1100,1100,0,128.322434,157061
595,328,32,283,283,0,128.575464,157344
596,816,64,1029,1029,0,129.520751,158373
597,620,64,925,925,0,130.37635,159298
598,280,32,287,287,0,130.636695,159585
599,1180,128,1268,1268,0,131.813208,160853
600,468,64,736,736,0,132.481345,161589
601,220,16,355,355,0,132.801265,161944
602,804,64,1366,1366,0,134.012113,163310
603,968,128,1188,1188,0,135.044848,164498
604,292,32,581,581,0,135.561587,165079
605,1416,128,1553,1553,0,136.922551,166632
606,316,32,550,550,0,137.397903,167182
607,316,32,626,626,0,137.939964,167808
608,1084,128,1116,1116,0,138.923459,168924
609,248,32,338,338,0,139.218696,169262
610,852,64,815,815,0,139.942094,170077
611,520,32,509,509,0,140.409906,170586
612,176,16,279,279,0,140.667282,170865
613,504,64,892,892,0,141.492721,171757
614,276,32,235,235,0,141.709566,171992
615,740,64,689,689,0,142.344793,172681
616,712,64,699,699,0,142.988579,173380
617,316,32,489,489,0,143.435426,173869
618,576,64,468,468,0,143.866083,174337
619,268,16,460,460,0,144.296255,174797
620,396,32,605,605,0,144.852904,175402
621,1056,128,1200,1200,0,145.955485,176602
622,768,64,916,916,0,146.816915,177518
623,672,64,1075,1075,0,147.812005,178593
624,524,32,474,474,0,148.263075,179067
625,196,16,565,565,0,148.774661,179632
626,1028,128,1213,1213,0,149.924541,180845
627,664,64,840,840,0,150.703099,181685
628,932,64,1004,1004,0,151.632515,182689
629,1088,128,1269,1269,0,152.809507,183958
630,620,64,682,682,0,153.431848,184640
631,1088,128,991,991,0,154.335867,185631
632,784,64,895,895,0,155.164036,186526
633,572,64,618,618,0,155.736613,187144
634,1180,128,1134,1134,0,156.788636,188278
635,1016,128,1243,1243,0,157.977406,189521
636,896,64,824,824,0,158.761143,190345
637,1008,64,1550,1550,0,160.182862,191895
638,1104,128,1138,1138,0,161.169526,193033
639,416,32,592,592,0,161.678396,193625
640,624,64,854,854,0,162.409712,194479
641,604,64,846,846,0,163.151303,195325
642,712,64,1081,1081,0,164.125509,196406
643,1068,128,1260,1260,0,165.284363,197666
644,840,64,948,948,0,166.145779,198614
645,1076,128,1104,1104,0,167.111444,199718
646,656,64,795,795,0,168.181138,200513
647,996,64,1214,1214,0,169.297236,201727
648,872,64,1235,1235,0,170.426589,202962
649,1296,128,1659,1659,0,171.95745,204621
650,600,64,806,806,0,172.702766,205427
651,656,64,765,765,0,173.406593,206192
652,2332,256,1945,1945,0,175.214839,208137
653,416,32,442,442,0,175.62392,208579
654,488,64,1006,1006,0,176.573621,209585
655,1204,128,1175,1175,0,177.668118,210760
656,412,32,601,601,0,178.229366,211361
657,932,64,1006,1006,0,179.18389,212367
658,728,64,1401,1401,0,180.48072,213768
659,504,32,409,409,0,180.861885,214177
660,560,64,837,837,0,181.632567,215014
661,396,32,720,720,0,182.287342,215734
662,480,32,382,382,0,182.637568,216116
663,1260,128,1225,1225,0,183.77128,217341
664,580,64,885,885,0,184.591059,218226
665,1032,64,1029,1029,0,185.541473,219255
666,440,32,810,810,0,186.295296,220065
667,1168,64,1403,1403,0,187.58514,221468
668,608,64,426,426,0,187.976263,221894
669,480,32,624,624,0,188.538957,222518
670,744,64,1139,1139,0,189.608403,223657
671,372,32,288,288,0,189.876791,223945
672,1104,128,792,792,0,190.604587,224737
673,1012,128,1209,1209,0,191.711975,225946
674,680,64,929,929,0,192.570823,226875
675,576,64,935,935,0,193.43833,227810
676,436,32,1082,1082,0,194.430857,228892
677,644,64,968,968,0,195.304578,229860
678,2348,256,2043,2043,0,197.180915,231903
679,776,64,861,861,0,197.958359,232764
680,320,32,547,547,0,198.449359,233311
681,796,64,1122,1122,0,199.46845,234433
682,1760,128,1696,1696,0,200.995892,236129
683,1144,128,1324,1324,0,202.192479,237453
684,736,64,937,937,0,203.061732,238390
685,1092,64,2135,2135,0,205.010878,240525
686,436,64,881,881,0,205.774999,241406
687,1180,128,1552,1552,0,207.110507,242958
688,504,32,644,644,0,207.672208,243602
689,660,64,678,678,0,208.263178,244280
690,656,64,827,827,0,208.989969,245107
691,2104,128,2663,2663,0,211.332255,247770
692,700,64,883,883,0,212.092664,248653
693,1028,64,1412,1412,0,213.692967,250065
694,768,64,850,850,0,214.438669,250915
695,648,64,802,802,0,215.138278,251717
696,956,128,1036,1036,0,216.032854,252753
697,628,32,750,750,0,216.716829,253503
698,708,64,694,694,0,217.362827,254197
699,1332,128,1422,1422,0,218.684403,255619
700,928,64,931,931,0,219.544452,256550
701,728,64,1096,1096,0,220.570445,257646
702,1220,128,1380,1380,0,221.869325,259026
703,1168,128,1804,1804,0,223.564645,260830
704,1456,128,1755,1755,0,225.176575,262585
705,320,32,458,458,0,225.604442,263043
706,1380,128,1252,1252,0,226.760349,264295
707,492,32,710,710,0,227.413291,265005
708,324,32,768,768,0,228.114125,265773
709,808,64,1620,1620,0,229.597893,267393
710,912,64,624,624,0,230.178514,268017
711,636,64,1240,1240,0,231.344392,269257
712,824,64,799,799,0,232.082728,270056
713,728,64,694,694,0,232.734816,270750
714,700,64,552,552,0,233.256348,271302
715,336,32,848,848,0,234.043295,272150
716,332,32,395,395,0,234.40899,272545
717,1488,128,1575,1575,0,235.864981,274120
718,948,64,1497,1497,0,237.27798,275617
719,468,64,620,620,0,237.848138,276237
720,352,32,611,611,0,238.410067,276848
721,2248,256,2583,2583,0,240.782292,279431
722,1504,128,2009,2009,0,242.535036,281440
723,424,32,730,730,0,243.162918,282170
724,640,64,639,639,0,243.720828,282809
725,968,128,1269,1269,0,244.808664,284078
726,980,128,1267,1267,0,245.901051,285345
727,628,64,801,801,0,246.591736,286146
728,880,64,1199,1199,0,247.637836,287345
729,752,64,1599,1599,0,249.02021,288944
730,336,32,397,397,0,249.367975,289341
731,836,64,1148,1148,0,250.344184,290489
732,592,64,623,623,0,250.874893,291112
733,168,16,393,393,0,251.208605,291505
734,392,32,692,692,0,251.800668,292197
735,1124,128,2067,2067,0,253.584052,294264
736,580,64,805,805,0,254.298995,295069
737,412,32,910,910,0,255.132309,295979
738,696,64,1202,1202,0,256.241652,297181
739,636,64,951,951,0,257.118729,298132
740,1024,64,1951,1951,0,259.271516,300083
741,1512,128,1782,1782,0,260.879388,301865
742,1036,128,1378,1378,0,262.073654,303243
743,444,32,1076,1076,0,263.004725,304319
744,804,64,1192,1192,0,264.029123,305511
745,352,32,628,628,0,264.57033,306139
746,736,64,929,929,0,265.378851,307068
747,1404,128,2104,2104,0,267.2279,309172
748,292,32,466,466,0,267.675819,309638
749,152,16,414,414,0,268.053441,310052
750,1016,128,2190,2190,0,270.030841,312242
751,1372,128,2135,2135,0,271.913348,314377
752,980,64,1381,1381,0,273.101753,315758
753,2360,256,2599,2599,0,275.34669,318357
754,320,32,980,980,0,276.183176,319337
755,640,64,1000,1000,0,277.063789,320337
756,84,8,151,151,0,277.193016,320488
757,472,64,784,784,0,277.877316,321272
758,344,32,755,755,0,278.52666,322027
759,728,64,886,886,0,279.290054,322913
760,608,64,900,900,0,280.073392,323813
761,428,32,667,667,0,280.644812,324480
762,776,64,1497,1497,0,281.938313,325977
763,1104,128,1484,1484,0,283.207247,327461
764,316,32,767,767,0,283.862021,328228
765,1020,128,1446,1446,0,285.118526,329674
766,320,32,583,583,0,285.621568,330257
767,472,32,942,942,0,286.426098,331199
768,608,64,636,636,0,286.973635,331835
769,388,32,758,758,0,287.636895,332593
770,676,64,1180,1180,0,288.642668,333773
771,784,64,1251,1251,0,289.730654,335024
772,640,64,1217,1217,0,290.761028,336241
773,548,64,653,653,0,291.318353,336894
774,692,64,1308,1308,0,292.450204,338202
775,252,32,421,421,0,292.808948,338623
776,776,64,1260,1260,0,293.878831,339883
777,548,32,860,860,0,294.627008,340743
778,636,64,1035,1035,0,295.519144,341778
779,244,32,373,373,0,295.837909,342151
780,900,64,1292,1292,0,296.958382,343443
781,664,64,947,947,0,297.780134,344390
782,412,32,663,663,0,298.344936,345053
783,1016,128,760,760,0,299.00835,345813
784,720,64,1249,1249,0,300.066586,347062
785,440,32,1039,1039,0,300.963583,348101
786,628,64,831,831,0,301.671687,348932
787,644,64,1019,1019,0,302.546593,349951
788,636,64,1369,1369,0,304.101083,351320
789,644,64,1125,1125,0,305.085702,352445
790,524,32,561,561,0,305.565219,353006
791,384,32,817,817,0,306.266685,353823
792,1056,128,1246,1246,0,307.343455,355069
793,452,32,795,795,0,308.029275,355864
794,660,64,787,787,0,308.709045,356651
795,1776,128,2810,2810,0,311.188078,359461
796,912,64,1464,1464,0,312.467373,360925
797,856,64,1862,1862,0,314.0745,362787
798,1184,128,2351,2351,0,316.097169,365138
799,948,64,1874,1874,0,317.721226,367012
800,364,32,765,765,0,318.37832,367777
801,1268,128,2361,2361,0,320.53335,370138
802,932,64,2276,2276,0,322.622793,372414
803,364,32,791,791,0,323.353256,373205
804,568,64,1089,1089,0,324.368373,374294
805,1588,128,2459,2459,0,326.632215,376753
806,1172,128,2341,2341,0,328.801034,379094
807,492,32,1136,1136,0,329.877813,380230
808,504,64,819,819,0,330.632914,381049
809,372,32,621,621,0,331.212389,381670
810,948,128,1008,1008,0,332.166252,382678
811,488,64,869,869,0,332.966539,383547
812,396,32,730,730,0,333.650014,384277
813,1136,128,2476,2476,0,335.968543,386753
814,1092,128,2091,2091,0,337.920027,388844
815,1320,128,2119,2119,0,339.869503,390963
816,728,64,902,902,0,340.685144,391865
817,308,32,248,248,0,340.91235,392113
818,1008,64,1656,1656,0,342.432095,393769
819,704,64,1420,1420,0,343.750508,395189
820,1372,128,3097,3097,0,346.615462,398286
821,500,32,712,712,0,347.264886,398998
822,936,64,1583,1583,0,349.117905,400581
823,664,64,1180,1180,0,350.208557,401761
824,1028,128,1295,1295,0,351.40011,403056
825,764,64,1442,1442,0,352.731536,404498
826,932,64,1535,1535,0,354.148439,406033
827,904,64,2038,2038,0,356.030786,408071
828,2424,256,3072,3072,0,358.897892,411143
829,520,32,1355,1355,0,360.148602,412498
830,740,64,885,885,0,360.971207,413383
831,1120,128,1942,1942,0,362.762729,415325
832,2100,256,2306,2306,0,364.915282,417631
833,712,64,899,899,0,365.712025,418530
834,1468,128,1644,1644,0,367.194832,420174
835,288,32,656,656,0,367.786153,420830
836,488,64,1076,1076,0,368.746631,421906
837,564,32,1035,1035,0,369.682161,422941
838,1536,128,2336,2336,0,371.818501,425277
839,912,64,1625,1625,0,373.285164,426902
840,764,64,1716,1716,0,374.821969,428618
841,608,64,1017,1017,0,375.752946,429635
842,384,32,1129,1129,0,376.768275,430764
843,612,64,796,796,0,377.489662,431560
844,592,64,783,783,0,378.199269,432343
845,1228,64,3378,3378,0,381.327388,435721
846,1112,128,1963,1963,0,383.146314,437684
847,1140,128,1380,1380,0,384.392519,439064
848,1456,128,2922,2922,0,386.970693,441986
849,684,64,1791,1791,0,388.608273,443777
850,636,64,653,653,0,389.220245,444430
851,932,128,1835,1835,0,390.909084,446265
852,1048,128,1943,1943,0,392.690135,448208
853,1160,128,2189,2189,0,395.15022,450397
854,720,64,2056,2056,0,397.045113,452453
855,1540,128,2222,2222,0,399.069309,454675
856,1560,128,3649,3649,0,402.28473,458324
857,508,32,1006,1006,0,403.149613,459330
858,764,64,948,948,0,403.972264,460278
859,380,32,1201,1201,0,405.007285,461479
860,752,64,1851,1851,0,406.652185,463330
861,760,64,1638,1638,0,408.148686,464968
862,1048,64,1064,1064,0,409.157933,466032
863,692,64,1513,1513,0,410.575239,467545
864,1292,128,2241,2241,0,412.628284,469786
865,1176,128,2927,2927,0,415.314514,472713
866,904,64,1018,1018,0,416.260792,473731
867,1488,128,2498,2498,0,418.571666,476229
868,712,64,1310,1310,0,419.799021,477539
869,412,32,649,649,0,420.418472,478188
870,528,64,999,999,0,421.344041,479187
871,352,32,505,505,0,421.80775,479692
872,1076,128,2653,2653,0,424.264246,482345
873,292,32,786,786,0,424.98391,483131
874,296,32,353,353,0,425.285547,483484
875,612,64,1453,1453,0,426.548509,484937
876,448,64,1313,1313,0,427.670189,486250
877,616,64,887,887,0,428.437194,487137
878,1276,128,2704,2704,0,430.822713,489841
879,1328,128,1943,1943,0,432.627587,491784
880,480,32,1047,1047,0,433.599585,492831
881,736,64,1538,1538,0,435.008252,494369
882,652,64,1170,1170,0,436.070877,495539
883,1016,64,2102,2102,0,438.043888,497641
884,644,64,2008,2008,0,439.87102,499649
